,baseMean,log2FoldChange,lfcSE,stat,pvalue,padj,log_pvalue,log_padj
Ptp4a1,3.1517586809841895,2.4464508499351765,0.6682586804852002,3.660933888892982,0.0002512976013329229,0.00766954974833224,8.288872658494412,4.870497368281438
Il1r2,31.784574239770905,3.652025897879844,0.4072278279567959,8.968016542983646,3.019017124984889e-19,7.591515453195697e-17,42.64418544377518,37.116915344968874
Gls,164.1848153398202,0.5329701443592306,0.1277062679825121,4.173406307920726,3.0007909500450703e-05,0.0012918520013716528,10.414049561036652,6.651678430205022
Stk17b,173.86365535893182,0.7397267699304835,0.09581626494252544,7.720263051103089,1.1608987141492695e-14,2.025735554662923e-12,32.08699684318804,26.925088244454006
Coq10b,37.06214586361363,1.1117649368273532,0.18354398152658633,6.057212704990352,1.3850039835200954e-09,1.452319688115522e-07,20.39756282112345,15.744933587911307
Plcl1,87.9049359269522,-1.014458048248311,0.26409184652089784,-3.841307717798232,0.00012238058153656958,0.004127044275899419,9.008374848048952,5.49019379991949
Clk1,186.85105941147748,0.7848075005174843,0.0772835642301632,10.154908205064121,3.151065727382921e-24,1.072011096136419e-21,54.11430151008563,48.284750539406396
Fam117b,77.21651558019872,1.1740966504766008,0.19010234396493128,6.176129267996767,6.569220738114051e-10,7.306363103631272e-08,21.143455713593617,16.431935117439586
Icos,10.842973890500732,-1.2084939294638364,0.3991302103931908,-3.027818736831086,0.002463257914626736,0.0460298938586227,6.0062704496838375,3.0784642270730322
Slc16a14,3.4791966580833,2.036941959582416,0.5868053608975116,3.4712395204892785,0.0005180616751972024,0.013807417965451705,7.565416258705094,4.282549297510097
Sh3bp4,22.067897911183945,-0.8661319164005069,0.2715094105707718,-3.190062232390801,0.001422421598918289,0.030123756636513524,6.555394508478606,3.5024411614998208
Per2,3.769125223196241,1.9924179816886685,0.6222746229821373,3.2018306839195367,0.0013655723750988981,0.029178613542833753,6.596181615819514,3.534319250969928
Mapkapk2,150.22691882606625,0.5567990374956082,0.09975597712380779,5.581610782124478,2.3830118978043083e-08,1.983043066323916e-06,17.552315553064208,13.1308779908995
Btg2,306.0619378176247,1.3068156363643513,0.1423948772476463,9.17740624960546,4.415996525374103e-20,1.245849556317128e-17,44.56646833773294,38.92412890914185
Csrp1,36.751682753304536,0.6120397827792432,0.17751659149623167,3.4477891763274173,0.0005651950164381135,0.014724348547611843,7.4783397245351075,4.218252791671931
Rgs2,391.9245663266687,1.1640747267828295,0.11146356713128264,10.443544529772437,1.5684272496216225e-25,5.852257418184937e-23,57.114553959412994,51.19262966860274
Rgs1,184.82409010688895,2.645685460339869,0.21933805302803014,12.062136158388192,1.6738431299559953e-33,1.019018078115842e-30,75.47018581083096,69.058713294702
Ptgs2os2,9.727243006992754,1.4020585574253106,0.4452767523088125,3.1487351409106172,0.001639787410700892,0.03339334679503031,6.413188673169824,3.3993985965955735
Gm29282,23.120312446907693,1.2293313594943478,0.3279396347909553,3.748651364687844,0.0001777880250494252,0.0057443410216388305,8.634918587830777,5.159540078936076
Gm9530,12.532374575876014,0.9810343591179469,0.31725133313696285,3.0922938902022437,0.001986161060708633,0.03848228641409843,6.221551618606823,3.257557236704024
Ier5,235.45933514739838,1.0380063693192332,0.074634157407515,13.907926415669765,5.669951589903852e-44,8.198041255052232e-41,99.57856351197063,92.30209355835505
Rasal2,115.53174521871942,-1.0789941861165435,0.3112571936412402,-3.466567867858529,0.0005271486353092582,0.01398515657023438,7.548028008753813,4.269758756807446
4930523C07Rik,84.2150647876514,0.5984748767905259,0.11698833296769444,5.115680013628289,3.126126409164925e-07,2.178307480410282e-05,14.97830098178401,10.734377274845151
Prdx6,82.1265053067546,0.7775611371292599,0.16506783508405518,4.710555128643405,2.47042962116615e-06,0.0001383382281424593,12.91111848675465,8.885808942865333
Uck2,33.36703445660001,0.7945951568265777,0.18178596890121748,4.37104778564269,1.2365172500566244e-05,0.0005959497929752073,11.300626706375205,7.425354134421795
Uap1,31.17188928564987,0.8330675854270423,0.2582201785861821,3.226190880930718,0.0012544966171683884,0.027224694879524856,6.6810208887191145,3.6036308175895573
B930036N10Rik,15.40015156524176,1.1193369753831819,0.26138777619051184,4.282285085004724,1.849837678581372e-05,0.0008413028991899904,10.897827571036855,7.0805587973300135
Fh1,59.331133448581504,-1.0294397583045376,0.16814557885796572,-6.122312375362042,9.222698773277369e-10,1.0064052519858427e-07,20.804183226604344,16.11171082542101
Dusp10,22.111121852015433,1.3146204722464168,0.21703442546569648,6.057197928050359,1.385131172526362e-09,1.452319688115522e-07,20.397470992386445,15.744933587911307
Fam71a,4.955156319802554,5.763666377376068,1.0310624327943665,5.590026553247106,2.2703489181696814e-08,1.9050719510729016e-06,17.600747215826193,13.170990780506788
Atf3,187.6901033012915,2.6916217302939653,0.20768650276926234,12.96002241072127,2.0618728409824387e-38,1.7035487965459905e-35,86.77461881788727,80.05776465220713
Dclre1c,58.75704837616758,0.7094721146321205,0.15293687714009876,4.63898654071643,3.501218515689096e-06,0.00019103110646686685,12.562399502718387,8.563074282094998
Ttf1,17.67857556133885,-0.720728296325079,0.23422723902173578,-3.077047312410137,0.002090621153525937,0.04023663042068971,6.170294054517385,3.2129774937571915
Hspa5,364.7997633178565,1.1075804675109957,0.12225538968558285,9.059563511755824,1.3097360749864756e-19,3.607075518897277e-17,43.47929111944748,37.86104924243545
Zbtb26,6.006997185272423,-1.346446172188112,0.44635631791966185,-3.0165276442450946,0.002556879023723199,0.04732067146784999,5.968967895593969,3.050808050034969
Nr4a2,22.41579980801557,3.1086379179988137,0.5617737082667522,5.533612328690026,3.137019215323694e-08,2.519854254420081e-06,17.27740768938047,12.891309493661069
Cytip,307.80932052238455,0.7790951887495337,0.10047474403315347,7.754139572552252,8.894446138315723e-15,1.5828008997215071e-12,32.353349342362705,27.171825116962943
Spint1,28.351552810734088,-0.5742620741084448,0.18925078482722876,-3.0343973190531353,0.0024101678392540213,0.0454045788219076,6.028058891060532,3.0921423239122725
Dusp2,42.15069084501937,0.8873516676506632,0.23784678509433516,3.7307700724175037,0.00019089538405745067,0.006082884042403669,8.563785007423022,5.102276346392471
Slc20a1,17.547612903197603,1.1086911493713951,0.29246471193950063,3.79085443169889,0.00015012992853161248,0.004891698262887779,8.80400944858352,5.320215742763534
Gm14023,4.295232294659067,1.824186768150856,0.505710468677907,3.6071762028574925,0.00030954746083030417,0.00911077730133366,8.08039913080992,4.698297247383779
Rem1,11.135138903399847,-1.2254757102624823,0.3618332575542843,-3.386852050432731,0.0007069950312492767,0.017511373718330586,7.254486920028357,4.044904682401852
Pigu,18.08620221607759,-0.7728326211704026,0.24509640569673177,-3.153178109542175,0.0016150323434188354,0.033122480702705084,6.428400295623325,3.407543051825982
Trp53inp2,7.051294170873639,1.5436141839263007,0.4478947006136238,3.446377422665465,0.0005681562497965382,0.01473511959954385,7.473114089402837,4.217521546127499
Rbm39,524.0865024293637,0.6164029618065869,0.06582805953241502,9.363833085540946,7.689526098539046e-21,2.3406512732052935e-18,46.31442779693398,40.59610246136496
Ppp1r16b,20.4377616305171,-0.8538626773274948,0.2567938571250079,-3.325089964717623,0.0008839000850656792,0.0208654536407239,7.031166527658346,3.8696604234676166
Top1,192.0978649496195,0.7197404241488966,0.1095862061803345,6.567801270211831,5.106362658503579e-11,6.490691963836363e-09,23.69794868068687,18.852896691908317
Pltp,49.666019916076515,-1.3783153736533567,0.30804841526650784,-4.4743465810752765,7.664533521924617e-06,0.0003888406107372897,11.778906905688828,7.852341039347868
Zfas1,62.17368142877253,0.5667426847179906,0.14809872730224888,3.826789703339905,0.00012982533636726317,0.0043370166312948774,8.949320577308974,5.44056857938992
Gm14455,3.8352087049581267,1.6931737412130863,0.5167038415334004,3.2768746912899376,0.0010496294143526783,0.023638609129337972,6.859318115821965,3.7448739236515114
Gm16685,12.608992367318136,-2.9976396139771135,0.7897479319962297,-3.7956916283402493,0.0001472324172607317,0.00481084002953357,8.823498149959617,5.336883567797989
Zbtb10,20.69670327614603,2.88430042245775,0.3445145356423009,8.37207178234254,5.661393889415069e-17,1.2355725116766811e-14,37.41027644878854,32.02465686704526
Fabp5,86.10674690288216,-0.9755251293474008,0.24151102311337055,-4.039257160073674,5.362075100778396e-05,0.0021240795442021817,9.833574419141454,6.154416726114334
Sirpb1c,28.005351360889943,-1.0217106063080894,0.23422197922297572,-4.362146582902182,1.2879252951131913e-05,0.0006181507007707171,11.259892839658688,7.388778277853941
Skil,46.69459561608063,0.9473593604664177,0.17088160175144873,5.543951781563787,2.9572030166620914e-08,2.408870936178198e-06,17.336436849144512,12.936352411450372
Ttc14,77.51000264469761,-0.5823112618256642,0.1343895573336043,-4.333009747030816,1.4708459529971452e-05,0.0006832640617798385,11.12708775147433,7.288629152643635
Siah2,27.770402974684664,1.9166769972620834,0.20475408654183958,9.360872984922958,7.908056101556711e-21,2.345448331454012e-18,46.28640495331296,40.5940551041472
Tiparp,50.75960607843345,1.437290211754689,0.16388630884319247,8.770044440563355,1.7859578250169464e-18,4.395356204674685e-16,40.86657680592957,35.36081291234423
Ccnl1,139.07584382957194,1.1779023543764344,0.09300267106053618,12.665252953968691,9.212293638142514e-37,6.268152971317321e-34,82.97510958371674,76.45241143247756
Kpna4,297.68043374709043,0.8719286934031316,0.1061415313900992,8.214774009605673,2.1256418991161413e-16,4.3135613766800714e-14,36.087287660970055,30.774427433509207
Gm1647,1.709885748358236,2.818534258399795,0.7942767403732679,3.548554445992254,0.0003873519084351714,0.010954766564473417,7.856176953997322,4.513980614744722
Serpini1,7.669790108857131,-1.4478554849531917,0.45314217277925595,-3.1951461857391528,0.0013976002981724665,0.0297169901635311,6.572998585798381,3.516036337358922
Etv3,84.02898415014917,0.6590785570108134,0.20568652185710828,3.2042865573305743,0.0013539764186430378,0.02905648466501673,6.6047095207123725,3.5385135963259686
Pip5k1a,29.817744765774105,-0.6469250851264117,0.1991824613458026,-3.2479018521780323,0.0011625936601793823,0.025614706413895072,6.757101855851938,3.664588623148161
Tent5c,24.234667240605862,1.2217037537920843,0.3374670203573691,3.6202167325812478,0.000294356349639205,0.008730307426350474,8.130719450991041,4.740954694819331
Cept1,56.8251880781713,-0.5510305596943342,0.14762549599188257,-3.7326246119751127,0.00018949489752408458,0.0060549377891190225,8.57114845979858,5.10688117632895
Taf13,44.627325518896974,0.9721946053963499,0.19406447649928027,5.009647427152673,5.452984109530209e-07,3.5635405194879054e-05,14.421932649097092,10.24217088637552
Stxbp3,69.02314063304003,-0.5596256883447996,0.15342680320821536,-3.647509278970847,0.0002647947516931536,0.008039057461508419,8.23655555398774,4.82344343381904
Snhg8,65.03479125410342,0.5528218774713008,0.1478235843388882,3.739740718260131,0.00018421016756986724,0.005918775023001818,8.599433237132969,5.1296257732877235
Trmt10a,15.211336783033726,0.9060385690554597,0.2425227374652973,3.7358912344666457,0.00018705151065702812,0.005993420564459402,8.58412652098232,5.1170929840197985
Gbp3,15.992058160197262,0.749008179023983,0.2385626856117139,3.1396703013440805,0.001691380726232987,0.034143456998842865,6.382210085837169,3.377184307256507
Gbp2b,16.1932700766328,1.736253004125102,0.4243265195632956,4.091785274019646,4.280649310489165e-05,0.0017373428271729183,10.05882075882481,6.35539844379806
Gbp2,31.40736738032744,1.0319486286379156,0.2690169556985105,3.835998463213705,0.00012505518927468807,0.004204980739361387,8.986755403903182,5.471485565981179
Dnajb4,10.825519067642142,1.0209705270885518,0.28044012498413384,3.6406007419455912,0.00027200265267145917,0.00821476418655553,8.209698739247232,4.8018222331324765
Gem,7.959049346916644,1.8977021722780658,0.46688917296817467,4.064566672672493,4.812178200591769e-05,0.0019260368597316608,9.941775635001553,6.252290827818584
Gm11837,5.703287609392508,2.013207652739705,0.606897297898273,3.317213076597278,0.0009092024802289711,0.021419032767430773,7.00294273806509,3.8434753705642084
Mms22l,16.644083118424717,-0.7549501550647525,0.24183413566325085,-3.1217683682009447,0.001797683180866759,0.03560582423473596,6.321256564873366,3.3352460524061915
4933421O10Rik,9.964642116239974,1.1846569232005513,0.32950385879101,3.595274809670522,0.0003240493286564596,0.009451772823169452,8.034614804820949,4.6615529547358365
Pnrc1,99.82578727986399,0.7602699164485622,0.15747085227245325,4.828004074894806,1.3790827245777236e-06,8.222603028448726e-05,13.494091972136033,9.40603863590396
Pax5,16.908508791386424,-1.5924222308909255,0.506824247186016,-3.141961419036983,0.0016782014777836677,0.034043609562739975,6.390032607952082,3.380112942040285
Nr4a3,37.877184064855186,2.997624813031238,0.4872077602416469,6.15266228835203,7.619293833519477e-10,8.393559216411408e-08,20.99516723730276,16.293216092164883
Klf4,113.51476580597516,1.2490531630264063,0.24000248961478413,5.204334192662745,1.946933657136488e-07,1.4075113507561098e-05,15.45183999955225,11.171102319490675
Rraga,32.34932315418785,0.5334061915266273,0.16725897884987662,3.1891034800911124,0.0014271478029575008,0.030123756636513524,6.552077369847207,3.5024411614998208
Jun,607.327309879298,1.7014417083692688,0.14949595137919972,11.381189207281775,5.1887307764814226e-30,2.5007520371483588e-27,67.43106367428891,61.253206009341454
Junos,5.997137424570935,1.556121878408606,0.4233755454478918,3.6755119541974826,0.00023737292501526828,0.007321296218177646,8.345878130248574,4.916967887699533
Alg6,5.4334444757085665,-1.7362523864181463,0.529651798522046,-3.2781015589166875,0.0010450778790351317,0.023638609129337972,6.863663870949772,3.7448739236515114
Pde4b,228.88767577099304,1.6703408298031588,0.11896574743343119,14.04051893792219,8.80653966299537e-45,1.4552177754552492e-41,101.44083459572012,94.03083324948003
Oma1,33.85203478983666,-0.5386102246638677,0.17839508925441142,-3.0191987173803256,0.002534442333788222,0.047056010393143444,5.97778165281092,3.056416676302972
Zfyve9,21.579475767573193,-0.9277167221413546,0.2393321819539733,-3.876272361565511,0.00010606895040835998,0.003640651481820474,9.151421199769164,5.6155926348261245
Skint3,47.162990498503184,-0.951442397880406,0.23305040720591264,-4.082560546825198,4.454220219446357e-05,0.0018014673174243363,10.019073454284497,6.319153769808948
Plk3,6.187634931766597,1.9718071563406485,0.41704016214818085,4.728098958584317,2.2663173006270774e-06,0.00012850241282526178,12.99735437840618,8.959562876954996
Mycl,45.609166451010736,0.6269272948028918,0.16451704759364152,3.8107132602537788,0.0001385664167009858,0.004579422119943722,8.884160804313458,5.386182463501515
Zc3h12a,34.56877687695988,1.2264543912806083,0.1953042371707866,6.279712150884457,3.3920044848057687e-10,3.963163219772558e-08,21.80442988984016,17.04363824467935
Rnf19b,141.54194503648537,0.8826273856065867,0.262423658057634,3.3633681968290463,0.0007699759384578355,0.018789687088906718,7.169151292360855,3.97444711876053
Yars,20.48174251884756,0.7705235205486877,0.23380347810288082,3.2956033280635513,0.0009821057948995724,0.02272003545920671,6.925811521299093,3.7845081244258836
Fgr,269.34596199913454,-0.611249164731778,0.1150446641721688,-5.3131465864163845,1.0774829420389385e-07,8.093016357509352e-06,16.043467939142214,11.724509046260444
Hmgn2,41.88962155621111,0.5461257796923401,0.16557823655600826,3.298294456153411,0.0009727406821431691,0.022548479900501076,6.935393025026836,3.792087625482954
Rsrp1,207.53640524099336,-0.5644614610372982,0.08051335289407965,-7.01078070590207,2.369919447098441e-12,3.606955032182588e-10,26.768165149925192,21.74298699491612
Clic4,211.5538303508313,0.9355626375251498,0.12048663907862359,7.764866251391145,8.173142518601173e-15,1.477167804885309e-12,32.437922918794584,27.240894506858854
Errfi1,16.550925928296145,1.053619112715797,0.3368315826786436,3.128029457145678,0.0017598254292033497,0.035096380585508874,6.342540662804169,3.3496572710492325
Acot7,39.47460706420564,-0.5320540712433717,0.16619002835930913,-3.20148011584095,0.0013672351119750925,0.029178613542833753,6.594964744825683,3.534319250969928
Cdk11b,71.09841766958802,0.522656489351319,0.12626596213985228,4.13933003395186,3.48321551763222e-05,0.0014651037779073413,10.264969598488833,6.525829200860003
Fam126a,44.797006114137055,-0.6413960588507377,0.1882800322250654,-3.406606910307028,0.0006577578420136227,0.01661197589207767,7.3266737156312916,4.097631404450075
Nub1,75.23606356837094,0.5925480478251719,0.12134026548785963,4.883358755173134,1.042938653643046e-06,6.485844842305975e-05,13.773468200892077,9.643303379309877
Dnajb6,102.59705233183952,0.5385704589477707,0.11502039245075821,4.682391074072712,2.835478671879375e-06,0.00015544067202667643,12.773299791340623,8.769246429521289
Fosl2,6.103466044583605,1.5722055057985165,0.4602037184197089,3.416325081416779,0.0006347242629424134,0.016100560415471265,7.36231988496417,4.128901199183154
Rnf4,50.85728743991736,0.9269438955827869,0.15764112993029128,5.880089136589419,4.100456070849323e-09,3.7943980297211296e-07,19.312167632629983,14.784569874636883
Cpeb2,25.017588620138476,0.8345829516128699,0.2734747777771177,3.0517730314897853,0.0022749404753963243,0.04335129568189339,6.08580139158248,3.138418687346577
Cd38,22.2296143369108,-0.8154232677479929,0.2289809809418105,-3.5610960543278107,0.00036930993873424427,0.010573782330047039,7.90387432410871,4.549377706774458
Sepsecs,17.949205143201578,1.047226454659281,0.2619468525016731,3.997858514648853,6.391813614604703e-05,0.002481010338259483,9.657907416098366,5.999089407308369
Rbpj,136.80980540555169,0.6754792190433498,0.11209897735813872,6.025739350728413,1.6833828888309559e-09,1.6931904239224058e-07,20.20246044385109,15.591481076918939
Scfd2,52.04465625920166,0.5959573354827464,0.16057759234218744,3.711335602870256,0.00020616854713506656,0.006480303219324225,8.486816533733597,5.038987976607126
Ythdc1,132.48120352653302,0.6584620301985552,0.09928077760051808,6.6323214434122155,3.3044796727518357e-11,4.2469907083022756e-09,24.13315699840897,19.277055173443834
Jchain,10.229644085261814,-2.6113940149512236,0.7952625879465021,-3.283687746074249,0.0010245837443272209,0.0232781583828688,6.883468851969353,3.7602397665131306
Gm42601,11.995961104066968,-1.5788210752033704,0.48452489699475987,-3.25849318579071,0.0011200556619542208,0.02479836631903707,6.794376896736636,3.6969775022133793
Rasgef1b,118.26327431125925,1.7374957614405415,0.19208704798281323,9.04535615329984,1.4917806603121074e-19,4.012889976239569e-17,43.34914628642708,37.75443490682524
Aff1,132.77390202764093,0.6588332534321253,0.20326660554289533,3.2412272132575746,0.0011901628052856698,0.02603561924500969,6.733665170052064,3.6482897075527787
Zfp951,16.71681164077425,-1.8864151870479755,0.2978393026951535,-6.333667752972051,2.394007497197845e-10,2.8256617061313747e-08,22.152882191147988,17.38193817452316
Tmed5,83.98760695102105,0.5473715187190142,0.13203058847899965,4.145793221288848,3.3863933073374666e-05,0.001429577057882207,10.293160031083103,6.550376642175772
Ttc28,11.29694649336343,-1.2706409585211251,0.37128863954124514,-3.422245722603032,0.0006210615838269631,0.015788613934343918,7.384080312144213,4.148466235799762
Tpcn1,19.059435657340952,1.3538570746014686,0.3080858668437991,4.394414740510898,1.1107158474080757e-05,0.0005436216467771532,11.40792074993467,7.517257055330102
Camkk2,25.448542832760644,0.6791255111736069,0.2156327260443409,3.149454740158306,0.0016357544376887471,0.03336996751454275,6.415651151279853,3.4000989597122038
Orai1,46.04203924871376,-0.5422763693727342,0.15621227439872704,-3.471406913829257,0.0005177387993509392,0.013807417965451705,7.566039691238008,4.282549297510097
Tmem120b,11.151891261266227,-1.1991641278873266,0.3456995599938312,-3.4688043221944653,0.0005227800705569778,0.013901142703753018,7.556349697528081,4.275784233321363
AI480526,8.849566203156403,-1.6363907773805189,0.4826098094406904,-3.390711803551976,0.0006971136512073012,0.017394359904632777,7.268562102809981,4.051609268719394
Kntc1,2.103604167603261,-3.148131960330769,0.9464106778015406,-3.3263909993531606,0.0008797842177534281,0.02083257886650755,7.035833887658575,3.871237225971286
Vps37b,22.184751295729946,1.2707544754120885,0.2829265652556787,4.4914639749848755,7.07352667711061e-06,0.0003636421469961708,11.8591513796386,7.919340286547619
Rilpl2,51.47982304907067,1.8816613108511184,0.19126498576226772,9.83798107819862,7.724534278158908e-23,2.552848228441831e-20,50.91505560551358,45.114492171707596
Ubc,382.04482452994114,1.2228269226784603,0.08840450964199463,13.832178105285061,1.6300887373250708e-43,2.0950262694043436e-40,98.52252454533037,91.36383762737118
Rabgef1,21.01511862232284,0.8687501774527879,0.22016926348613847,3.9458286033985077,7.952448650533819e-05,0.002910948529769769,9.439445577371753,5.839276295663264
Castor2,20.90572661719304,-0.9868195550599957,0.29610032437871037,-3.332720276921615,0.0008600136078042061,0.02051088124014691,7.0585623458137565,3.8867997414558384
Hspb1,1.7408588606279618,3.508063525306517,1.0684280497697343,3.2833877078223175,0.0010256749777694753,0.0232781583828688,6.882404368220512,3.7602397665131306
3110082I17Rik,18.988160806586727,-0.9128064130484166,0.26599815714328484,-3.4316268309961133,0.0005999725090894952,0.015456307377813344,7.418626721981988,4.16973811442884
Zfand2a,10.055442272762392,1.5616465947041471,0.3048686025368198,5.122359540174501,3.017358479884563e-07,2.1281576546844353e-05,15.013713877858306,10.757668810387102
Ttyh3,45.22007996448147,-0.7284878625800749,0.1844573926945413,-3.949355739763924,7.836182029711316e-05,0.0028958823494463514,9.454173735230318,5.844465430475069
Zfp655,16.891935911031318,0.8609549761664463,0.2369791361813166,3.6330412459083132,0.0002801002232944737,0.00843728979908119,8.180363078502978,4.775094135795304
Slc46a3,121.21164387084428,-0.5168452211814425,0.16028374777336293,-3.2245641143370833,0.0012616460234939676,0.027328575943360908,6.675338042722458,3.5998223863872507
Slc7a1,37.55450890982066,1.3449306457253025,0.18910674466888547,7.1120183898263125,1.1435801916010255e-12,1.8120263118149398e-10,27.496857255702935,22.431405201555926
Hsph1,63.01399030489861,1.648496448724477,0.296420257459406,5.5613488189154365,2.676975227538168e-08,2.1960689685768787e-06,17.43599323327162,13.028841628354389
Lncpint,272.84246790139423,0.9369537430310334,0.15150274389854512,6.184401146282018,6.233866229212818e-10,7.000692298379094e-08,21.195854207084636,16.47467170001887
2210408F21Rik,13.875150916919662,-1.1740321660833908,0.34740765946366103,-3.3794078342886826,0.0007264215934664484,0.017915142701046993,7.227380004430628,4.022108962806372
Wdr91,28.581671273299513,0.9532563225965723,0.24224554944029408,3.935082914006311,8.316797905405255e-05,0.0030159442300529892,9.394648151356268,5.803842320369136
Zfp398,42.236487141231855,-0.7190238477364318,0.1572997215244187,-4.571043360841633,4.853018411697134e-06,0.00025749937600046217,12.235909693668908,8.264493261162595
Gimap1,13.451792625437967,-1.3564100301098025,0.4525495473751026,-2.997263035566626,0.002724155525480804,0.049643170368284126,5.905596797801645,3.0028944534755624
Tmem176b,239.52368974291716,-0.6916485570193,0.1680147288901488,-4.116594786588697,3.845112348585165e-05,0.001582790552885573,10.166122643041538,6.448565817079881
Tmem176a,207.37689283632292,-0.9549569777281305,0.1956639760486086,-4.880596812010461,1.0576527710337802e-06,6.542176258046919e-05,13.7594584721254,9.634655593684586
Tra2a,160.4033317858453,0.6837863566268167,0.0854153091123468,8.005430920204624,1.1904904643258663e-15,2.295067200142883e-13,34.36441101780406,29.10284408473076
Hpgds,24.345794968762178,1.2542924750433855,0.22847619743183892,5.489816834935627,4.023507670165243e-08,3.165980491210977e-06,17.028526667008578,12.663047758491913
Tnip3,4.830649895498984,2.1806375939278326,0.6681143085130785,3.2638690208281123,0.0010990195968189297,0.024477171643556384,6.813336772219241,3.7100143654493976
Gm30211,6.9574851973415965,-2.6631324535543177,0.8403880283577525,-3.168931926313239,0.0015300022554999451,0.03177295527714159,6.482486069395909,3.449139814027791
Igkc,167.56075916825387,-1.3559608014306495,0.35109309934970717,-3.8621117986715,0.00011241110030578559,0.003835572853206554,9.093347868211941,5.563436480296989
Hk2,46.15787626895178,0.7148252753376243,0.17060956954709672,4.189831070057866,2.7916220486905584e-05,0.0012185166881963658,10.486302658613535,6.7101209893043565
Gmcl1,19.042354204176938,-1.0068310506656857,0.24850197542768634,-4.051601798870496,5.0868185152739814e-05,0.002028938957454281,9.886272875945687,6.200242303630806
Cnbp,157.49264680257735,0.5602003315271662,0.08533321468348545,6.5648567630440136,5.2082902797218926e-11,6.548292789732949e-09,23.67818438230771,18.844061464061348
Bhlhe40,46.96185119793909,1.4992289267870902,0.21167814082286887,7.082587370424974,1.4148749883975052e-12,2.1821145321058588e-10,27.283979936158467,22.24555655439938
Alox5,3.291468463705814,2.925697629099854,0.9013817985865448,3.245791776234705,0.001171244725899777,0.025756250464796047,6.749688227388886,3.659077944831195
Clec4a3,41.49389731531451,-0.5811452206249439,0.16457809699662676,-3.5311212805969876,0.000413801965914372,0.011423502004132557,7.790123041783565,4.472082466410302
Ccnd2,32.94809184745271,0.8850727380618377,0.18095227552333543,4.8911942969609115,1.002259659247197e-06,6.300618194843657e-05,13.813253447907554,9.672277710221138
Clec2g,13.105174113134945,-1.1236543756345452,0.3403015323202414,-3.30193745521289,0.0009601947811885121,0.02230235548997494,6.948374397011852,3.803062978741104
Gm15987,198.97083729818698,-0.8925700945200906,0.11327122439229127,-7.879936844585171,3.275465917107951e-15,6.013859406855186e-13,33.352316271176356,28.139539502272488
Cd69,11.94941596324567,1.5083950053590545,0.38708842400973037,3.8967711556291267,9.748365216961173e-05,0.003386166380318015,9.235825864073933,5.688056858758975
Clec1b,5.332436668234026,1.2906065176320423,0.4307604724119641,2.9961117611500616,0.002734461937239591,0.04973195161643137,5.90182059473324,3.001107662777961
Clec1a,8.644924655792668,1.1445844131134697,0.3233030763162888,3.540283087172724,0.00039969804880852675,0.011113719544635164,7.824801173898824,4.499574938864686
Klri1,86.52975551430346,-0.9003046527492958,0.23687188151960578,-3.8008084664737973,0.0001442247536790406,0.004739340130129155,8.844137685716413,5.351857366019109
Ybx3,78.04753103263266,0.5633532768706524,0.16305593356779322,3.454969497546245,0.0005503550819408072,0.014435277171903214,7.504946884521322,4.238080264672766
Cdkn1b,59.01414355781016,0.6878186085957116,0.13339004081926756,5.15644649608923,2.516803536779082e-07,1.797028796908867e-05,15.1951059923692,10.926790832306184
Emp1,8.824023205027657,1.3247548481638922,0.43732211223901357,3.029242773436213,0.002451675813872873,0.04588759569428402,6.010983482588358,3.0815604447506475
Atf7ip,125.61295954915109,-0.5396810255331317,0.1476170689680226,-3.655952724884678,0.0002562285757298648,0.007799462988071965,8.269440637914753,4.853700395339783
2010013B24Rik,19.43267512850382,1.1829972099228623,0.2997795998281322,3.9462231939768118,7.939361021335323e-05,0.002910948529769769,9.441092668851896,5.839276295663264
Cacng8,9.188516172787983,-1.4073528214157658,0.41857899427682493,-3.3622155928948043,0.0007731972980571434,0.01882857504553048,7.164976305130328,3.9723796138695677
Napa,41.74551445505195,0.6648954961703244,0.1528556745194005,4.3498254040018365,1.3624596726780751e-05,0.0006432477973007058,11.203633815887438,7.348980531136763
Rtn2,1.6728779847599868,3.4281847079004706,0.9328771321429451,3.6748512636658446,0.00023798801573742497,0.007321296218177646,8.34329023960504,4.916967887699533
Gm26802,18.872321462560045,2.319308563706608,0.5784194295089848,4.009734883344857,6.078695950913262e-05,0.0023674167024987777,9.708135273754342,6.045955917261639
Fosb,355.8277132948848,1.5728087282433334,0.1424427624017415,11.041689319443472,2.4046906611225945e-28,9.93394888471609e-26,63.59496133178208,57.57125434666188
D830036C21Rik,1.9102135795651454,3.3637474498595235,0.9114733931435697,3.6904505114058623,0.00022385723853906493,0.006923413578025038,8.404502037239629,4.9728463393587585
Relb,183.50553513718023,-0.6934141452057228,0.19507101577093378,-3.5546754214884433,0.00037844596178448657,0.01078198137921467,7.879437264672985,4.529878928979317
Clptm1,50.331714668460194,-0.5636134580824042,0.15992234648602338,-3.5242945746275796,0.00042461191376373447,0.011666237545142795,7.7643349502952255,4.451056288682205
Bcl3,31.339007880798032,-0.9524639584164222,0.18634380673835,-5.111326075643612,3.1990526249512377e-07,2.215774952862932e-05,14.955240939688222,10.717323256809577
Ceacam16,16.274572979094824,-1.127966008483622,0.35026926879406106,-3.220282533969041,0.0012806431406761406,0.027688222819067135,6.6603928735849465,3.5867481251855513
Plaur,32.450919984613485,1.2560809643907451,0.31307113998859604,4.012126331531228,6.017428136365541e-05,0.0023514726774777096,9.718265516806742,6.052713475835401
Zfp36,355.8113443171274,2.094877145550407,0.16144254638790614,12.975991722262236,1.674152989780182e-38,1.4896098179067202e-35,86.98292617413799,80.19196403630413
Gm44710,9.847259248948525,1.9363893089465747,0.3439971192406014,5.629085828454886,1.8116723764548247e-08,1.5728804750765292e-06,17.826430360375273,13.362601922104771
Nfkbib,31.215768365631405,0.559502936900735,0.18395979303244953,3.0414414349881427,0.0023544836351454767,0.044571311914487884,6.051433838763313,3.1106648575345495
Nfkbid,47.86719972189275,1.9144907124219532,0.1478668807867257,12.94739364376868,2.4306718551549285e-38,1.8743720899051371e-35,86.61006583103297,79.96220453683978
Il4i1,59.757151102294145,-0.942109321904356,0.3086861535430429,-3.051997347762439,0.0022732410944305576,0.04335129568189339,6.086548670915444,3.138418687346577
Ppp1r15a,61.255495286997174,1.9110596840398955,0.20496873894424958,9.323664154267416,1.1239038531075831e-20,3.2500489672238536e-18,45.934893652008036,40.26786161082657
Gtf2h1,31.915100078565526,0.5747028975628947,0.16785604327869771,3.423784371044025,0.0006175560129807764,0.01576880883476521,7.389740784295371,4.149721414483003
Lrrk1,269.705277538772,-0.5114608355855246,0.12244205832161502,-4.177166266203114,2.9516327404051244e-05,0.0012787092100474185,10.43056697640349,6.661904139508338
Furin,20.156260113384796,0.6714073429980203,0.22401628825083775,2.997136271833169,0.0027252885954750948,0.049643170368284126,5.905180949878273,3.0028944534755624
Stard5,44.18013912157815,-0.7618611434447528,0.17082933089968994,-4.459779473655573,8.204402682233395e-06,0.0004090606036392123,11.710839635312507,7.801647237741328
4632427E13Rik,44.367247164581066,-0.6962864348472154,0.17783190643065225,-3.915419053997157,9.024732004977732e-05,0.0031987323876862925,9.31295665593149,5.745000676504248
Rab30,63.33774246849096,0.6635531952653757,0.20944950062427098,3.1680820115953203,0.0015344822719838352,0.03180888250902692,6.4795622369305965,3.4480097040165063
P2ry6,33.1582373524609,-0.7087068512372944,0.21532839331685436,-3.291283793653895,0.0009973124620217203,0.02292803511737318,6.91044643487425,3.775394876260492
Hbb-bt,12.777231583826767,-4.816122984709381,0.6878962788796255,-7.001234245013485,2.5371732556326105e-12,3.81136143479252e-10,26.699970546104886,21.68786447266317
Hbb-bs,47.05513615386258,-5.0504770596928505,1.0389281123028244,-4.861238231871762,1.1665376337561503e-06,7.142162906780195e-05,13.661470483891192,9.546909806371719
Spon1,14.663162621546242,-2.895172348689969,0.38953475932201437,-7.432385119440995,1.0665672380268145e-13,1.762426177465166e-11,29.86916090647961,24.76174465323357
Il4ra,28.46148914605661,-0.7520530489402133,0.21228603682351585,-3.54264020466609,0.0003961427796432905,0.011101345689999528,7.83373585703923,4.500688944678725
Il21r,55.799086873978965,-0.7448112594334881,0.2282615240006828,-3.2629733052656746,0.0011024990426465701,0.024477171643556384,6.810175818991432,3.7100143654493976
Bag3,13.07262151493007,1.2710322156087284,0.3618610017929928,3.5124874172979785,0.0004439330245917794,0.012118189178994985,7.719836852424389,4.413047717177088
Ifitm2,186.57417683580692,-0.7172004637794508,0.19774199252305374,-3.6269507282113382,0.0002867879927216858,0.008593981118683265,8.15676731649708,4.756693190666508
Tnni2,50.710832815278984,0.7534701721489092,0.1920838551562344,3.9226106303211297,8.759465029409163e-05,0.0031444028879182967,9.342790631588908,5.762131267612867
Pex11g,2.4027513797426767,2.3036215974538896,0.7611787334602166,3.0263872283739905,0.0024749512276636713,0.04617380782320272,6.0015345891501255,3.075342571893861
Irs2,29.303107569752495,1.6309061405100063,0.2554622495422663,6.384137552347719,1.7236610726384816e-10,2.0768320445009704e-08,22.481400370623177,17.68983706679561
Cln8,29.05905927920209,0.9716357746377727,0.20224718174991052,4.804199327925629,1.5537198746843956e-06,9.076705954785052e-05,13.374858583088605,9.307214118487739
D830025C05Rik,10.359271030791136,1.2080353020230699,0.3092738377676228,3.9060378037237795,9.382184027429784e-05,0.0032887449203530743,9.274112890309649,5.717249270163431
Rab11fip1,52.91320875442304,1.325942980600729,0.273200805273248,4.853364100719092,1.2138453355684992e-06,7.312785935687932e-05,13.62171727412805,9.52330115086043
Gsr,67.4789684032317,-0.8963014821121168,0.14728195967065316,-6.085616216109531,1.1604411298315573e-09,1.2544693970805256e-07,20.57446561978035,15.891382958946854
Saraf,48.72669481988121,0.5367378295121957,0.15645666823258145,3.4305845546596028,0.000602282233888082,0.015481330220852099,7.414784395463906,4.16812048293287
Fbxo8,27.422981904413273,0.7155488614792506,0.2183774308210989,3.27666123183512,0.0010504231946468158,0.023638609129337972,6.858562153491747,3.7448739236515114
Zfp866,9.460141461559513,-1.3143326839377298,0.31881942893346676,-4.122498708232782,3.747847133790475e-05,0.0015538117489804451,10.191743887500941,6.4670441740269045
Uba52,127.9369550281221,0.8701236124919665,0.10229149126257904,8.506314667545382,1.7954924782988745e-17,4.153692299296616e-15,38.558667235419385,33.11477874555213
Jund,553.792781056152,1.2634533395532206,0.1223401618260219,10.327379992761154,5.298812759841095e-25,1.9153552247838108e-22,55.897144536963665,50.006968944467985
Iqcn,6.506101732448208,2.793448851014325,0.5047138481043317,5.534718061543812,3.1172938176303215e-08,2.519854254420081e-06,17.28371548465477,12.891309493661069
Ifi30,558.3536266601777,-0.5276818404303825,0.10799314639663668,-4.886253045098948,1.0277309419311889e-06,6.425818273144898e-05,13.7881571548274,9.652601484610324
Klf2,198.27915469577306,1.1802591623177978,0.1314604088109825,8.978057903462082,2.755880454471558e-19,7.083837603749446e-17,42.73537979113794,37.18613078561286
Dnajb1,45.3520976095347,1.0077504184004742,0.24272438635518243,4.151830121122717,3.298270604188988e-05,0.0014026138264211037,10.319527193201553,6.569417764202148
Gm26887,18.370768819799355,1.038227207147638,0.2667537055790914,3.8920816672209564,9.938777579822852e-05,0.003441971265443441,9.21648143176149,5.671710929442789
Gm26532,4.409096848911492,3.2821899070108373,0.6583146242249088,4.985746611470534,6.172299387291188e-07,3.988546760491462e-05,14.298024210295678,10.12949852084103
Zswim4,10.828264238522749,1.5864115806972032,0.38599858971738205,4.1098895772099375,3.958483623677145e-05,0.0016214461982744818,10.137064436351546,6.42443681298663
Ier2,122.7466425289405,1.8199385598213307,0.23074756762767512,7.88714082030069,3.091884535854369e-15,5.768359423585079e-13,33.409995607750055,28.181218497499742
Junb,287.16151822652324,1.4217210175917674,0.11934587378464656,11.912611408394305,1.017401718941465e-32,5.884142841497963e-30,73.66547093286096,67.30529171111954
Herpud1,156.6806479266879,0.533181333772373,0.10800540084665954,4.936617332029129,7.948922260038787e-07,5.079844407838047e-05,14.04505929625681,9.887644832227233
Gm42047,8.248776487870678,-1.298840591343827,0.3956019613229382,-3.2832005862669527,0.001026356079818716,0.0232781583828688,6.8817405360901605,3.7602397665131306
Banp,43.446687138735314,-0.6482297287691874,0.17314747084934437,-3.7438013133510464,0.00018125700330467694,0.005840110744359883,8.615594626053598,5.143005519246476
Mmp12,28.22874729012753,0.9172908532947422,0.2663908923919301,3.4434017058855355,0.000574445367714315,0.01486489836320242,7.46210556055969,4.208752659877858
Panx1,19.11501101621224,-0.7254830416128079,0.22876576847277882,-3.1712919570793834,0.001517625306134678,0.031629498947855536,6.490608464380575,3.453665082831608
Ldlr,63.07059380493597,1.4690839741932495,0.23514252263804966,6.24763210716499,4.167217850069895e-10,4.772495927896879e-08,21.598602299032294,16.857811320578154
Bmper,2.107604633736625,-3.760975825582845,1.2367714045199014,-3.040962793801662,0.0023582296958300844,0.044571311914487884,6.049844070317625,3.1106648575345495
Vwa5a,34.36516523680151,0.567463466130744,0.18340337871491635,3.0940731305327462,0.0019742881495187644,0.038380825252913524,6.227547376223192,3.26019728647342
Gm47230,2.9973687952819787,2.1163347503323124,0.6704727343466761,3.1564814524404445,0.0015968504273292314,0.0328661368201374,6.439722072664468,3.4153124272627573
Tspan3,43.274443892470075,-0.8303351758530743,0.25050864583150806,-3.3145968798679992,0.0009177537133531494,0.021576539029178617,6.99358148944662,3.8361487106435264
Arih1,205.82857521893573,0.5970361286088589,0.1480058410176949,4.033868693989449,5.4865984499589996e-05,0.002158621913968563,9.810616991645505,6.138285263688784
Snapc5,30.87089308386187,-0.5808805027340217,0.19282390900771257,-3.0124921008150896,0.002591121795519924,0.0477253277209856,5.955664371359176,3.0422930425319725
Dennd4a,297.4294440720663,0.8101362219593211,0.14731668434016498,5.499283571225765,3.8133744666800496e-08,3.0211850997320637e-06,17.082166260010204,12.709861386423139
Gm17749,2.8955691344695844,2.66431417393531,0.7307835989450429,3.645831923132246,0.0002665281447283351,0.008070500131080242,8.230030711197868,4.819539824509041
Plekho2,104.2833761544575,0.8215784530261329,0.09787292534954077,8.394338373886029,4.685250311460479e-17,1.0421978913973723e-14,37.59952723836231,32.19485946164834
Aph1c,40.737436938925214,0.5068747528123476,0.16730840851837311,3.0295832546675903,0.0024489139739805083,0.04588759569428402,6.012110628627641,3.0815604447506475
Mapk6,29.14958566872889,0.8081775302212119,0.18400074574385303,4.392251384384462,1.1218287936909421e-05,0.0005444492556121158,11.397965259806085,7.51573581440224
Mthfsl,27.387860370830875,-0.6133269868169208,0.20442576892876874,-3.0002430223492613,0.0026976427718983747,0.049372838516690665,5.915376934744781,3.0083548335962376
Mthfs,62.04504443372481,-0.7276200390415802,0.15536591955336806,-4.683266710828711,2.8233875346986597e-06,0.00015544067202667643,12.777573140502637,8.769246429521289
Trf,59.043211395191996,0.664202819107174,0.17006063585427017,3.905682321900457,9.395988347770155e-05,0.0032887449203530743,9.272642638300963,5.717249270163431
Slc25a20,19.491154104252,0.9323143705323877,0.28863188864099804,3.2301156151599226,0.0012374016874295147,0.02695484994067269,6.694741511178712,3.6135920371252497
Scap,31.93992114066057,-0.596560382011251,0.17851571464880295,-3.3417807680678115,0.000832427800713111,0.019976540188482477,7.091164065740718,3.913196684495917
Stt3b,68.228603738354,0.7500921633045319,0.14738331338215938,5.0893967986699495,3.5920428102545615e-07,2.4585301293618058e-05,14.839374582367071,10.613361801994744
Ulbp1,8.001015124170051,-1.2177715940590448,0.4035767850710593,-3.0174470859235054,0.0025491354045888166,0.0472529635014084,5.972001034328624,3.0522399074026505
Zc3h12d,56.49632895537657,-0.5687358705000086,0.16059131075904076,-3.5415108564209206,0.000397842486331863,0.011101345689999528,7.829454393999944,4.500688944678725
Tnfaip3,50.03790691198943,1.2611734045724385,0.2168456485556269,5.815995907563313,6.027394085106873e-09,5.446786514252437e-07,18.926951077971722,14.423069846595936
Ranbp2,109.05338280048602,0.5455408486111128,0.10683697574096358,5.106292506199619,3.2854099796523864e-07,2.2620438830142357e-05,14.92860420326191,10.696656687369769
Ddit4,17.966615031483236,-1.0784915195889853,0.2796789565133958,-3.8561768573293738,0.00011517417474960695,0.003916590321170949,9.069065012354793,5.542533819717051
Srgn,598.4052833190428,1.0688632467150072,0.09546950351357045,11.195860535328691,4.2723371384522836e-29,1.8303008770547246e-26,65.32280668010627,59.2627320508152
Egr2,6.434117736380279,3.1718217578565713,0.5744723349874061,5.521278510175961,3.3654184737538226e-08,2.684675550752446e-06,17.207128427888325,12.827950675013497
Ggt5,21.412390857576295,-0.7008572969427201,0.19992387978219053,-3.505620727780381,0.00045554385160509995,0.012311391896065867,7.69401857453669,4.397230274823086
Sbno2,103.15616663780175,-0.5059523776912075,0.1041714496642788,-4.856919811731318,1.1922584833567365e-06,7.237458649241698e-05,13.639661164375706,9.533655335491002
Cdk17,77.20623702871907,-0.5824530727101737,0.1458376613686849,-3.993845397984703,6.501026154371585e-05,0.002514962191559067,9.640965430625458,5.985497508720743
Elk3,88.31107866118936,-0.6070137426926103,0.1946773518478858,-3.1180501323385066,0.0018205183400537648,0.03581281571326853,6.308634016214546,3.3294494688177707
Btg1,429.764730185336,1.2056159725098343,0.08369884043103074,14.404213562591496,4.868277100211308e-47,9.3852268696907e-44,106.63875927441062,99.07460724834327
Tbc1d15,55.429184577558665,0.7882789834894621,0.17406796043062758,4.528570229347979,5.9384144174145e-06,0.0003094127908388897,12.034068393317902,8.08083427989478
Tmem19,25.270333006313336,-0.7497287225579103,0.2278256043903888,-3.290800981584223,0.0009990256504846618,0.02292803511737318,6.908730103484525,3.775394876260492
Rap1b,268.57447744475246,0.8111599076728474,0.08348610876903101,9.71610630358838,2.574380321710699e-22,8.27162699478546e-20,49.711263192477425,43.93887063563813
Plek,293.80014402094196,1.3120649855497415,0.11095122567496334,11.825601543091516,2.878333990282833e-32,1.4954934712091227e-29,72.6255113246394,66.37251146337312
Rel,335.93510012777733,1.389962532012146,0.09292184656846067,14.958404114236835,1.3727868284514198e-50,3.1758050489395147e-47,114.81241179465627,107.06593821179497
Hba-a1,17.749052631990363,-4.77637966246022,0.5765623008842118,-8.284238589889071,1.1886709800247775e-16,2.4552423617761786e-14,36.66852562840198,31.33796582384173
Hba-a2,15.81771426135876,-4.59864730203098,0.6697044468254533,-6.866681748687174,6.571244168639755e-12,9.501197662332007e-10,25.74831793018244,20.77443306956092
Fbxw11,117.12850518630142,1.0245354123095423,0.15287540789895462,6.701767317518622,2.059137417322775e-11,2.8021226477850046e-09,24.606148857279635,19.69288861847455
Sqstm1,97.95390982313099,0.8568111915803486,0.20751541700361714,4.1289037891840765,3.6449687371107166e-05,0.0015165954454014266,10.219577676470747,6.491287294865982
Ppp2ca,124.83281716304688,0.8567886471147113,0.10267598460407747,8.344586617976162,7.146341243342709e-17,1.530772762254539e-14,37.177346069381066,31.810418620649937
Mfap3,35.638092091461104,-0.5737156280839883,0.18529409116434256,-3.0962435147224623,0.0019598933458210414,0.03822948791081279,6.23486522261771,3.2641481263200345
Nlrp3,32.59557428348505,1.215502824749035,0.2512420841102025,4.837974613424549,1.3116888986937636e-06,7.861298181964127e-05,13.54419501545779,9.450973709067275
Trim16,2.454516640767552,2.73309175911107,0.8058421441699687,3.3915969509465174,0.0006948657451007644,0.017394359904632777,7.271791903576582,4.051609268719394
Ndel1,54.28596304169774,1.0564739860882089,0.1743217780306004,6.060481931883207,1.3571429655796334e-09,1.452319688115522e-07,20.41788410749445,15.744933587911307
Per1,21.701349368485207,1.4022489685386579,0.21655716064944106,6.47519095805192,9.469210841977738e-11,1.1777458259049086e-08,23.080390451629366,18.257078449487224
Tmem88,2.759218877618709,6.278584467414765,1.8119773902992187,3.465045701468692,0.0005301413809236512,0.01400033185649286,7.542366830531566,4.26867424561261
Kdm6b,62.63245163353018,1.5492671925113526,0.18095589761520192,8.56157336085188,1.1133753734431005e-17,2.6830026967950714e-15,39.03655030271356,33.551839818326044
Mnt,25.331451108847396,1.3271337594010542,0.1996459599741827,6.647436089228518,2.982424150548618e-11,3.876146084201783e-09,24.235699579768838,19.368424454205574
1700016P03Rik,7.272102838632085,3.401621967127258,0.6563685072760471,5.182488083171618,2.1894535928796736e-07,1.573006814213614e-05,15.33444363922864,11.059936508917701
Wsb1,58.27702021281896,0.7774491889656664,0.15504007375960194,5.014504767142615,5.317023450794409e-07,3.4944324008715294e-05,14.447182005914641,10.261754505657391
Crlf3,159.1496195302113,-0.5048109003377728,0.10774479369551102,-4.68524634020256,2.7962341238358257e-06,0.00015475617277707653,12.787237001820836,8.773659758490245
Ccl2,2.285927565747427,4.0555102534188965,1.1298159241749175,3.5895318579268176,0.00033127234578043767,0.00960357700160983,8.012569723979283,4.6456196455737455
Ccl3,16.83202874125915,4.489028039449399,0.499641172857781,8.984503846577844,2.599042802156777e-19,6.8325291119426e-17,42.793973542661014,37.22225168128387
Ccl4,30.18900007121398,3.2233082016119674,0.8333766350859487,3.8677688645297064,0.00010983569741044669,0.0037587855383036596,9.116524968698885,5.583659368886502
Wfdc17,96.93937308602365,-1.0906772560397264,0.3408335504377281,-3.20002903070717,0.001374137458728282,0.029271911574788284,6.589929047443357,3.5311268720818916
Dhx40,75.95531577248646,1.3127967880850149,0.2340243368504456,5.609659259173391,2.0272536419536296e-08,1.736980953813158e-06,17.71399875261194,13.263362035754968
Trim37,25.120472337682138,-0.818134540137721,0.20783732428602145,-3.9364177870757278,8.270693616269297e-05,0.0030159442300529892,9.400207088076872,5.803842320369136
Tex14,39.846288508501104,1.460162716096529,0.24242960865113097,6.023037879823419,1.7117336116653232e-09,1.7068640246666203e-07,20.18575917199668,15.58343786780764
Mir142hg,545.5737855555823,0.503104912214603,0.10606147916644047,4.7435215515436,2.1003458677539293e-06,0.00012027079530846386,13.073408527865833,9.025764729971637
Utp18,30.20319410428167,0.6732051219809313,0.202400806942498,3.326099002027144,0.0008807064118373124,0.02083257886650755,7.0347862317918155,3.871237225971286
Spag9,265.03363996131026,0.6392408533685042,0.12161480311610376,5.25627503387257,1.470024004192316e-07,1.081831310801681e-05,15.73281692091847,11.43427020168959
Gngt2,126.93972239919698,-0.6220537138447124,0.1432258246404278,-4.343167270332669,1.4044311875804007e-05,0.0006576945565482792,11.173293092855102,7.326769934187678
Ikzf3,28.252679283987163,-1.0435130224387217,0.3455778970094263,-3.019617375616641,0.0025309420251289462,0.047056010393143444,5.979163703596569,3.056416676302972
Adam11,19.745238994328787,-1.013079810760998,0.2802487966555532,-3.6149301008637305,0.0003004286688256945,0.008864944929354104,8.110300207122997,4.725650551618059
Cd79b,43.676709996526576,-0.9372080320156596,0.2000156935153656,-4.685672486712456,2.7904217891207367e-06,0.00015475617277707653,12.789317794661056,8.773659758490245
Polg2,21.713512585052396,1.7620379418403433,0.2918516600038204,6.037443617135082,1.565748439139123e-09,1.588685280308968e-07,20.27490189140098,15.655188844500072
Ddx5,659.2992737650962,0.6892926501700338,0.07360161463414047,9.365183815550454,7.591802983352507e-21,2.3406512732052935e-18,46.327217842463526,40.59610246136496
Gna13,82.48265331775616,0.6889789114448799,0.12241783318203343,5.628092684996139,1.8221317857720663e-08,1.5728804750765292e-06,17.820673617449263,13.362601922104771
H3f3b,1066.5201001556575,1.0085631035002602,0.08014512467142233,12.584210301439429,2.5790903098305174e-36,1.6573520896560887e-33,81.94562660411663,75.48008686671739
Ubald2,42.14053384486789,0.6808790567998122,0.15052728810338678,4.523293187426346,6.088480927535664e-06,0.0003143993700393081,12.00911194454336,8.064846501102998
Baiap2,23.16480337223775,2.1039698255592034,0.34740717248575903,6.056207217902071,1.3936844936528309e-09,1.452319688115522e-07,20.391314881894374,15.744933587911307
Narf,19.14525833990977,-0.7600012783184931,0.2218006539905792,-3.426506029827908,0.0006114001869345556,0.015646163633345145,7.399758842759213,4.157529527296043
Rhob,29.968079894956148,1.7764939822855697,0.32823601467857777,5.412245770852372,6.223918355583872e-08,4.7994709079359096e-06,16.592281074838425,12.24700487363928
Odc1,29.155841156225247,1.1317259367881884,0.2067256954590173,5.474529589924874,4.3867533985723865e-08,3.405474936999114e-06,16.94209133520773,12.59012614585779
Klf11,5.236933489893878,1.4321414896089115,0.3994357266218611,3.5854116048179514,0.0003365469845986518,0.009732097427131515,7.99677279129022,4.6323258431028
Nampt,73.56021905848114,1.005163682270628,0.1365639526085593,7.360388031179673,1.8337639325576348e-13,2.987485550407628e-11,29.327235560626296,24.23400394237221
F730043M19Rik,16.292890832949194,-1.2150983846816745,0.28367017714554127,-4.283490061975214,1.839843201654349e-05,0.000841164676424342,10.903245113472668,7.080723106904786
Ahr,68.50765089482681,1.1514485260617269,0.19451839150730782,5.919484101936286,3.229530542889712e-09,3.1129983158004415e-07,19.55092905303373,14.982509300520375
Ifrd1,99.98822341501378,2.2122667731008367,0.17364593756422925,12.7401009440981,3.539365842637066e-37,2.558740293861434e-34,83.93170087017958,77.34837809712397
Dnajb9,46.448707550895115,0.7136163037698301,0.17930481287360295,3.9799060177647236,6.894251831763937e-05,0.0026318749484492894,9.58223746842118,5.940058778635149
Nfkbia,183.52097752242392,0.5513473948442171,0.14865079146672588,3.7090108260044556,0.00020807053241180679,0.006522362732811298,8.477633437610049,5.032518586355174
Arf6,46.50743449606757,0.640285826355812,0.14697692897824485,4.356369607168657,1.3223740857957666e-05,0.0006268811905901488,11.233496793980752,7.374753523978551
Srsf5,272.6580388754553,1.0281605811196437,0.07635791476575596,13.4650164855044,2.512621362854447e-41,2.4219576086781154e-38,93.4846622369136,86.61365739140619
Fos,304.9463786242901,2.2309354255869502,0.1655870256729999,13.472887845649126,2.25856457336611e-41,2.3749833109205267e-38,93.59125934578968,86.63324312329266
Gpr68,23.1081299708953,-1.1928044202167793,0.2290352908579596,-5.2079503370356965,1.9093800946050785e-07,1.3890439971255938e-05,15.47131701937845,11.184309726303281
Lgmn,57.38314326117434,-0.7461041219813952,0.1689473877676846,-4.416192116609372,1.004548107786717e-05,0.0004965644428533742,11.508387668572679,7.607797288634979
1700001K19Rik,4.777429075800937,5.4401737463874795,1.0194629430208852,5.336313383071178,9.485540209938889e-08,7.171192392703472e-06,16.170912188055542,11.845438614152577
Rcor1,53.04723131264784,-0.510552461710571,0.1549457391288591,-3.295040344968603,0.0009840755030315178,0.02272016236240632,6.923807933132585,3.784502538922048
Tnfaip2,6.318943925033356,1.1754047051110397,0.3916047584112489,3.0015077188532855,0.002686462283625818,0.0492461319091915,5.919530087117542,3.0109244543633533
Eif5,141.64063988024654,0.6796099230889658,0.10971274769770868,6.194448114283799,5.848960378804003e-10,6.632835755061363e-08,21.25958699751448,16.52864831550335
Ighd,20.002082106376367,-1.4202340587562994,0.36211685155223106,-3.9220324949485197,8.780514677942507e-05,0.0031444028879182967,9.340390439685612,5.762131267612867
Klf6,196.38213219745577,1.5320408521608526,0.22818212914978225,6.714114106434678,1.89212204900233e-11,2.605497112001185e-09,24.690737046456015,19.765642350003926
Pfkp,51.98411988985268,0.9310494712336781,0.2146495822630776,4.337532183466216,1.4409144065759699e-05,0.0006720587476154937,11.147647548345763,7.305164799215343
Hist1h2ap,34.21125642261173,1.9096708059408012,0.3972884273490015,4.806761723928178,1.5339462993732344e-06,9.006678601446803e-05,13.387666862559454,9.31495909600204
Hist1h1c,46.776846770964816,0.5904343008149048,0.1531382107519244,3.8555648385586556,0.00011546272149384403,0.003916590321170949,9.066562837728936,5.542533819717051
Sox4,24.13005445019612,-1.2468276664285163,0.3917900487979651,-3.1823872766903007,0.0014606636153201122,0.030719083706195888,6.528864415488662,3.482871198419777
Irf4,36.659230992978095,1.1086759431631024,0.1650520220865418,6.717130327441792,1.8533819492748538e-11,2.58289988039304e-09,24.71142397206104,19.77435308456224
Gfod1,42.710971122496,0.9321689464618125,0.22379250338173473,4.165326954101597,3.109066732867505e-05,0.0013319472184843862,10.37860286970856,6.621113333411534
Cd83,171.2817188458545,0.9669333097907176,0.1364182508773542,7.088005480000118,1.3605858490453273e-12,2.1267427724199056e-10,27.323105737579073,22.27125933548784
Gadd45g,17.862608809121475,2.2282200584486014,0.39573161674595,5.630634410186801,1.7954795314672676e-08,1.5728804750765292e-06,17.835408609240186,13.362601922104771
Nfil3,6.427016005281652,1.7040361669438568,0.4453533603360488,3.8262564487175936,0.00013010674946479836,0.0043370166312948774,8.947155294738463,5.44056857938992
Hrh2,10.680493374963662,-0.9906187132430682,0.3225142889062722,-3.0715498423418928,0.0021295060805746023,0.04084908264346007,6.151865213204941,3.1978709146367246
Hk3,10.209613688679209,1.1109876290777665,0.31631116738653114,3.512325025566181,0.0004442043928325299,0.012118189178994985,7.719225757240532,4.413047717177088
Ctla2b,5.012947455161685,1.659989054429549,0.5342827368613893,3.1069486994490063,0.0018902919892326163,0.037059334643141824,6.271023970185724,3.2952350117900875
Zfp367,26.689905433977962,0.7886190232973502,0.1763934548582241,4.470795268062532,7.792927212586186e-06,0.0003936278998601939,11.762294003248332,7.84010451150717
Arrdc3,15.146806266575386,0.907461553614261,0.27998582026261354,3.241098255487027,0.0011907013556332778,0.02603561924500969,6.733212770989881,3.6482897075527787
1700023H06Rik,6.530310269133468,1.9535525074605598,0.4571118761764996,4.27368574144474,1.9226797499758514e-05,0.0008653555123723998,10.859205548906381,7.0523701385062
Mef2c,312.08284350415323,0.6002418101973974,0.14706923599390206,4.081355329963673,4.4773843335132115e-05,0.0018045262921863178,10.013886443179041,6.317457163643262
Jmy,23.400777029899885,0.7767860587847669,0.2180667954520658,3.5621473556964136,0.00036783381629660624,0.010557651992811029,7.907879307941603,4.550904374592885
Cd180,147.0446542011664,0.5203290694093489,0.12286583360833424,4.234937037647331,2.2861575221611554e-05,0.001017076309955311,10.686052994639521,6.890823130359648
Plk2,3.0164551323966093,2.387048694230312,0.6795787471867856,3.512541709274819,0.0004438423333210691,0.012118189178994985,7.720041163729534,4.413047717177088
Il6st,118.98667414507922,-0.6023193362792315,0.11965606232069276,-5.033755286589179,4.809635773044816e-07,3.2157836408560336e-05,14.547474292567475,10.344854391769854
Il31ra,69.0372615899163,0.514993672233425,0.12340676766340501,4.173139625843559,3.0043069799340763e-05,0.0012918520013716528,10.412878545898584,6.651678430205022
Gm48099,31.30126207761924,0.8707655657672702,0.18179413609660688,4.789844075633651,1.6691096190325412e-06,9.70180450419568e-05,13.303220235973109,9.2406135654022
Vcl,41.51091777069009,0.5777667799220978,0.1688057146485739,3.42267310751247,0.000620086001239203,0.015788613934343918,7.385652377868578,4.148466235799762
Arf4,242.55055425069835,2.0079950269887976,0.14622033149001987,13.732666357180646,6.470759645159774e-43,7.484727681556312e-40,97.14386548674304,90.09053908444167
Gnl3,34.85114936771732,0.5915946187416186,0.18902981470164787,3.1296365585257138,0.0017502270039581646,0.035025736599972476,6.348009782911656,3.3516721562886316
Tox4,64.09115201179883,0.7215995904756718,0.13730859581634605,5.255312576649104,1.477732749257937e-07,1.081831310801681e-05,15.727586663958023,11.43427020168959
Egr3,12.957622696567258,2.8448644093985247,0.44065580978427515,6.455978444471752,1.0752191378616753e-10,1.3230914646431913e-08,22.9533264399616,18.1407097269362
Tbc1d4,438.5757350722545,1.0548487056162674,0.20608700320134998,5.118463024015469,3.0803561198269513e-07,2.1594229841235363e-05,14.993050437336258,10.743084415941437
Gm10076,255.98769691753657,0.864611916986875,0.07601974639882535,11.37351751281605,5.66573682488676e-30,2.621423114138606e-27,67.34311583762332,61.20608016719612
Dnajc3,111.33774066366566,0.5680613306426693,0.12928691588200872,4.393803709890488,1.113843955097997e-05,0.0005436216467771532,11.405108409490373,7.517257055330102
Mbnl2,195.7783618113799,1.0770650893664542,0.10486902211956659,10.270574356442808,9.563358732724573e-25,3.352102135194701e-22,55.30668832761547,49.447284393786546
Ptger4,29.172895308194718,1.392912102134284,0.24918658729602286,5.589835782290981,2.2728445512929923e-08,1.9050719510729016e-06,17.599648590644986,13.170990780506788
Ywhaz,223.6729048709589,0.6223413784531936,0.09647270719607687,6.4509579604551766,1.11145331133028e-10,1.3532821528586683e-08,22.920182481501545,18.118147877806685
Klf10,15.337110938086907,1.2679782090374778,0.2577401113934266,4.919599833267614,8.672132749798688e-07,5.511569204226452e-05,13.957980898513954,9.806076090295347
Azin1,49.13609805300735,0.6084307166303391,0.16810527093720234,3.619343481844929,0.0002953513897268919,0.008737415664887362,8.127344758866109,4.740140823556073
Trib1,26.37957599936068,1.1820926342002762,0.327860892801474,3.6054700641471618,0.00031158840976539047,0.009147571410548913,8.073827440534334,4.694266854536867
Ndrg1,10.156665839616032,0.9388175582851466,0.28891235816721744,3.249489098496006,0.0011561250943267981,0.02552079955358411,6.762681301501099,3.66826149052674
Maff,10.387776570563805,1.7904638868490212,0.3037386815071529,5.89475096805165,3.752468711894151e-09,3.500387547619326e-07,19.400851890391962,14.865221960701597
Sun2,32.30702216963051,0.7324256129383913,0.16987658395367305,4.311516018818289,1.621390255737937e-05,0.0007471960592876781,11.02964150119976,7.199182945036142
Atf4,77.25502349043013,0.9389502704401336,0.14979338423177152,6.268302670746257,3.6500478763034434e-10,4.222010378520193e-08,21.731110645636615,16.980369336329307
2610037D02Rik,31.240293615560617,-0.7796145373146471,0.22006347246084113,-3.5426803394342263,0.0003960825005085287,0.011101345689999528,7.83388803379094,4.500688944678725
Slc38a1,183.87126937974372,0.9623194928594198,0.09103364004111061,10.571031680429764,4.06003400733616e-26,1.5654137787619122e-23,58.466021068075456,52.511306954442205
Tuba1c,38.644106642816794,0.9363780633217021,0.19788348413273285,4.731966729945055,2.2235486385871247e-06,0.00012669845863318854,13.016406152448706,8.973700636195092
Grasp,25.46545947698373,2.1399456542927084,0.2663153004979161,8.035383811188323,9.328642341339386e-16,1.8288882366486894e-13,34.60827199903158,29.329897947641896
Nr4a1,89.2442976203812,2.390881364001395,0.12201791494061869,19.594510897559125,1.7223258715495681e-85,9.961071678106928e-82,195.17605727623547,186.5132929615
Espl1,6.877235334159431,-1.4340665361983767,0.4247033046579276,-3.376631451816531,0.0007337929940529307,0.018020771894289276,7.217283593577181,4.016230192298197
Gm42477,15.059370801669015,-1.3093061723754462,0.2834579115197233,-4.619049668981785,3.855015781602774e-06,0.00020739984905022922,12.466135457156382,8.480861989988643
Ubn1,73.4814077117754,0.6617145011132389,0.1483739467737234,4.459775556974176,8.204552610382748e-06,0.0004090606036392123,11.71082136137042,7.801647237741328
Dexi,37.12495556020311,-0.5488085497547128,0.16365722073460887,-3.353402601432882,0.0007982450265971975,0.019316527662447246,7.133094956771257,3.946794193967311
Iglc2,50.37257313138099,-2.2024610081781466,0.6698508251604841,-3.2879873032185594,0.0010090639016047836,0.023076606480390966,6.898732207995826,3.76893588106464
Senp2,58.17286718659577,0.5409928889589836,0.13776268789115995,3.926991388164533,8.601505969948476e-05,0.003099489705744362,9.360988164256513,5.776517792091128
Tra2b,154.73881381903158,0.9811138501647774,0.14719181647963941,6.665546180690636,2.6368287800247546e-11,3.4659316475620836e-09,24.35885904750652,19.480284366689325
Bcl6,108.66531304926225,0.8806255779012888,0.20204114688121863,4.3586447191324575,1.3087036856872545e-05,0.0006255279145596889,11.243888370598377,7.376914601459662
Atp13a3,65.92214534088383,0.565173295009566,0.13373524046022173,4.226061082065138,2.3781746223308634e-05,0.0010539596113601953,10.646592236962485,6.855201148989777
Pcyt1a,53.171105805268766,1.015508083639515,0.2136640475274735,4.752826202587677,2.0059276793099093e-06,0.00011543564908745136,13.119403921262906,9.06679733402658
Tnk2,5.351819009009638,-1.6568734261462534,0.49677605699632915,-3.3352521781429103,0.0008522207703483336,0.020383179949958263,7.067664944573628,3.8930452304861007
Kpna1,45.015990391184616,0.8976034863968678,0.15211028303880203,5.9010046425848595,3.6129473878824947e-09,3.3976392224094975e-07,19.438741946779405,14.895014806856423
Cd86,154.27274425068998,1.2620873763415579,0.18067360425698661,6.985455244178278,2.8393376833514463e-12,4.21059217734951e-10,26.587450301040654,21.588247632434843
Ildr1,13.869494173303362,2.9202240728217332,0.35052587119725276,8.330980143769258,8.017577851837471e-17,1.6861695093128007e-14,37.062310218122214,31.71373190805928
Lrrc58,49.72690656955761,0.5839396683675641,0.14661551492872782,3.9827958770354326,6.810925100386981e-05,0.0026107712083538745,9.594397509631449,5.9481096191658605
Pla1a,1.6169645394497216,3.0033030394665303,0.9663152839118081,3.1079949675520506,0.0018836127548431105,0.0369910844401872,6.274563668093534,3.2970783564497186
D930030I03Rik,2.380953878688647,2.9440796832359504,0.7434304406823409,3.9601279718029745,7.490960944483929e-05,0.0028041406228105376,9.499228378676607,5.876658160278951
Nfkbiz,123.75199293485647,0.9373241632443461,0.16411169853123758,5.711501200908798,1.1198390700279052e-08,1.0041223661250217e-06,18.30749575644448,13.811396665510753
Nxpe3,38.57411023399566,-0.5600675578965613,0.17780561076120976,-3.1498868652054157,0.001633336994032663,0.03336996751454275,6.41713012129169,3.4000989597122038
Zbtb11,53.28149518786535,0.6896003260913832,0.18552173799466565,3.7170863832205554,0.00020153355053147902,0.006386681038349638,8.509554686559461,5.053540544846551
Mir99ahg,25.31268547813292,-2.467863524434016,0.6967356847975206,-3.5420369277500194,0.00039704988550948736,0.011101345689999528,7.83144862897598,4.500688944678725
Btg3,15.344723767490407,1.481438052562921,0.3078908638451898,4.811568729456685,1.4975021927909763e-06,8.882875827699088e-05,13.411712042656726,9.32880010592507
Usp16,42.1953707878406,0.6622096790732024,0.17833340900014405,3.713323727651432,0.00020455495613028667,0.006447104026046392,8.494673884450537,5.044124237209704
Sod1,94.54566116040685,0.5799764254073729,0.10860452051291486,5.340260448352187,9.28131446405127e-08,7.062958184584279e-06,16.19267756235183,11.860646587902702
Scaf4,71.60484785520758,0.6696008752162631,0.1656397043187572,4.042514311228681,5.2881083958554e-05,0.002101977656868021,9.847464864171139,6.164876636047229
4930404I05Rik,7.563777338343011,2.001291267326036,0.36498640473493443,5.483194007676648,4.177144883310329e-08,3.2646645179223365e-06,16.991052773065608,12.63235355153432
Snx9,112.48184949014905,-0.5258251203973144,0.15791405578115136,-3.3298183483175214,0.0008690265845957273,0.020683190337487195,7.048136840996816,3.8784339696019083
Ezr,112.37183772665087,0.5253805313193816,0.1281064667524823,4.10112420268746,4.1114779295648404e-05,0.001674558634199877,10.099142907532269,6.392205650398074
Ccr6,11.984786613277128,-1.2142693815999455,0.38243871161095805,-3.1750692195490413,0.0014980076236396315,0.03133451967795194,6.503619304688022,3.4630349240346967
Zfp160,15.462672993256735,-0.8629461412590881,0.27223759382869983,-3.169827242162888,0.001525295955504955,0.0317321912182119,6.485566818568173,3.4504236175233536
Zfp53,35.66041975838179,-0.6309193144125651,0.20511893292411704,-3.075870693252735,0.002098888467145573,0.04032864269015422,6.166347375741425,3.210693325754844
Gm34455,23.083482820868582,1.544002523854208,0.2042636118204384,7.558872136322995,4.065793263011853e-14,6.916033922537957e-12,30.833582433302745,25.69717864318345
Dusp1,151.86177847200625,2.139047423448575,0.1809246214975408,11.822865267000987,2.973662128279573e-32,1.4954934712091227e-29,72.59292874273936,66.37251146337312
Gm36486,10.226136946158883,2.6728003869761014,0.3856914161317108,6.9298933685974475,4.211579503635377e-12,6.166498749183596e-10,26.193183359585525,21.206719716757146
Gm26885,7.382678212644018,2.1469463922160386,0.38551403043881927,5.569048653747394,2.5613396330603394e-08,2.1162153954006388e-06,17.480150328167344,13.065881255481246
Pim1,174.80138026433627,1.917789596656458,0.10362665129912202,18.506721703480412,1.8226088356803843e-76,7.027372134105002e-73,174.39619816663537,166.13889896000808
Sik1,63.15414419585177,1.043348207375128,0.19838871391841084,5.259110696207317,1.4475373579871974e-07,1.0733118346049944e-05,15.748231912199609,11.442176424153745
Rxrb,32.17417612109426,0.6061641500747316,0.17452444459790561,3.4732335144873216,0.0005142277382344039,0.013768685759623494,7.572844320140908,4.285358413089617
Gm20513,59.41070672631443,1.5006529806139766,0.14087896764828606,10.652072524838902,1.7052557832728435e-26,6.801618498316201e-24,59.333497298846645,53.34488163353772
Hspa1b,146.72604986981912,1.2963393840883717,0.2850164914345232,4.548296056707931,5.408201836754473e-06,0.0002856468979257488,12.127593898034982,8.160754132556082
Lst1,137.9520458485836,-0.5037210334148023,0.14180778216366965,-3.552139563352206,0.0003821121288978852,0.01085968303430427,7.869796461283241,4.5226981514304345
Ltb,180.06734835575088,-0.5354971098209041,0.15106961365436739,-3.5447043046397773,0.0003930537601107634,0.011088909373661464,7.841564161275512,4.501809825678464
Ddr1,68.89526910584371,-0.5505890959590917,0.1558066757434444,-3.5337965676496874,0.0004096362380903058,0.011335555899498964,7.800241016252223,4.479810953481578
Ier3,13.77545916157314,1.6804795926243186,0.4290514557133316,3.9167320614968895,8.975741252159082e-05,0.0031987323876862925,9.318399943236502,5.745000676504248
Flot1,18.707630679419253,-0.875306880885321,0.2495458463186303,-3.507599480408476,0.00045216925693768645,0.012277562899056852,7.701453985974015,4.399981836947984
Pla2g7,14.304855543461262,-1.6770990074400212,0.3410713807631583,-4.9171496115782505,8.781343952862256e-07,5.550481175014083e-05,13.945466185223202,9.799040842769221
Foxp4,46.844516375026096,-0.832725596895234,0.22527859676526593,-3.6964257095533624,0.00021865620452813788,0.006817240748724989,8.428009903978621,4.988300471290655
Rab5a,68.84821928423347,0.9145299947319742,0.12702004079482124,7.199887427285888,6.026229165859036e-13,9.681304550207148e-11,28.137484739422316,23.05823936314297
Tgif1,14.794566837544682,1.037860115160283,0.33552695705165914,3.0932242353346586,0.0019799446960646143,0.038426208556005696,6.224686365946276,3.2590155377162247
Ypel5,33.536343126973,0.6364839222245213,0.19134847201664917,3.32630783782345,0.0008800467695964024,0.02083257886650755,7.035535504635649,3.871237225971286
Cebpz,71.98081298924421,0.7655967286964092,0.12756737109753272,6.001509023111134,1.9549207659384055e-09,1.9326981623597894e-07,20.05291617326216,15.459178612764518
Slc8a1,719.9766612890107,-0.6128836301553507,0.10141269845584586,-6.043460429387888,1.508433845290149e-09,1.5465130003704284e-07,20.312193912921405,15.682092931532898
Calm2,184.2921972296524,0.7364299285316173,0.14761850441450988,4.988737228116987,6.077524751953189e-07,3.949366786845087e-05,14.313498151038901,10.139370206035585
Map3k8,47.722422320077335,0.8342153843658265,0.18664514194636203,4.469526373236989,7.839299308773523e-06,0.0003942485874112319,11.756361101476969,7.838528915104763
4833419F23Rik,4.0104955865705465,2.1024209727303305,0.5519955257478751,3.8087645183026626,0.0001396628855440542,0.004602508823612749,8.876278999553652,5.381153727724115
Epc1,91.95417673587428,0.5160080546451734,0.14509592202407082,3.5563236198986337,0.00037608076874519173,0.01074105247426082,7.885706627150319,4.533682198961457
Mpp7,27.480303398477748,1.4614614829329167,0.21407817617298075,6.826765385706657,8.685055538566252e-12,1.2402473754888376e-09,25.469417321487217,20.507954980864252
Impact,44.374139741324804,0.6212470359617276,0.15977447664753738,3.888274579250846,0.00010095937567620726,0.0034859614879005655,9.20079234306324,5.659011379592905
Taf4b,23.31025858282606,1.5803361224548864,0.2615062447675208,6.043206057506604,1.5108149826390456e-09,1.5465130003704284e-07,20.310616608115957,15.682092931532898
B4galt6,49.94627651106862,-0.6490137142577708,0.14778367808889623,-4.391646781638294,1.1249535064519381e-05,0.0005444492556121158,11.39518375776613,7.51573581440224
Zfp397,19.45737613079129,-0.8166816023459192,0.2468184818271395,-3.308834882623928,0.0009368507053232241,0.02193634030055412,6.972986621053276,3.819610642945797
Egr1,123.01454316133453,2.789339890707104,0.18108358360434731,15.403604430546183,1.5479496279778065e-53,4.476283336704822e-50,121.60007869411234,113.63046155993683
Etf1,94.74319631410806,1.027822038840582,0.12064863558606458,8.519135204868409,1.6074909551333353e-17,3.794662832250467e-15,38.66927203045164,33.20518083326686
Tmem173,41.37166567297233,-0.7943718862479846,0.1635704602602712,-4.85645076124375,1.1950848119695377e-06,7.237458649241698e-05,13.637293402739774,9.533655335491002
Taf7,28.429612202899754,0.7104659016871567,0.21736790106223688,3.2684950179637413,0.0010812108095987082,0.024237142315171042,6.82967374583291,3.719869016019071
Mcc,11.846511555626208,-1.6895840618895888,0.42077194963440856,-4.0154389173460805,5.9335265399993994e-05,0.002326545813158409,9.732306733949212,6.06337059499363
Trim36,19.05483708631096,-1.1460731340635322,0.25288404214584076,-4.53201049911477,5.842494530671634e-06,0.00030579246260759637,12.050352706661926,8.092603912884277
Gm4107,20.945471196118014,1.0878746578533656,0.23534103638648785,4.622545538835853,3.790595626567613e-06,0.00020488700753508216,12.482987393812168,8.493051913538618
Lmnb1,70.17051370060985,1.085204301579342,0.1276856959070735,8.49902797545253,1.9118482895164502e-17,4.336146895066035e-15,38.49587611590488,33.0717902533338
Smim3,31.789034762758934,0.5940110058356091,0.17811255505930995,3.3350316356856964,0.0008528969564951845,0.020383179949958263,7.066871819064871,3.8930452304861007
Cd74,5079.327616765421,-6.0288129157091985,0.10497273291132544,-57.432180229145516,0.0,0.0,690.7755278982137,690.7755278982137
Adrb2,16.24277564040684,2.3153570588840835,0.36484412357752394,6.346154177243052,2.207639974288991e-10,2.63255377140214e-08,22.23392686994328,17.45272635315126
Pmaip1,189.2963534994709,1.2122444180244223,0.14991977824455005,8.085953916280491,6.167950720176678e-16,1.230080792763511e-13,35.02199484127084,29.72652635652186
Tubb6,21.66123760142196,0.9164604343108567,0.23943667576508193,3.827569153232071,0.00012941503107902606,0.0043370166312948774,8.9524860228365,5.44056857938992
Neat1,307.09027390239197,1.3012685309900527,0.11499820797972597,11.3155548582067,1.0990477502250841e-29,4.8894943564821336e-27,66.68052357355528,60.58270861628136
Atg2a,30.163579248291835,1.413016801027735,0.1830593372360975,7.718900452509134,1.173374964661674e-14,2.025735554662923e-12,32.07630712035844,26.925088244454006
Ehd1,23.273031315510266,0.623483674406056,0.20181782983323113,3.0893389098538098,0.0020060246034691253,0.038737373269327836,6.211600324577864,3.2509504273979113
Sf1,93.37745013957918,0.506234137843905,0.1114655765130281,4.541618620567905,5.582396115582813e-06,0.0002935071630406655,12.095892462346972,8.133608513403933
Rtn3,108.78952375455589,-0.5296141957145841,0.11809664036887578,-4.484583084331019,7.305663619450904e-06,0.00037391420834596725,11.826860672335927,7.891484176312812
Slc3a2,90.7631482241768,1.3015585394333984,0.1098660660887824,11.846774766483524,2.2363324194302227e-32,1.2317931950261613e-29,72.8778857645583,66.56649670698633
Snhg1,47.339403223052905,0.624520756373681,0.1571660788122771,3.97363579401649,7.07837722334588e-05,0.002675672854328163,9.555880789278358,5.923554395935337
Anxa1,71.29475832814441,0.760070073694346,0.20944681673066612,3.6289406807826667,0.00028458661870031524,0.008550164723393627,8.164472891332679,4.7618047303250615
Zfand5,160.01923293878977,0.9941323696106902,0.14905847126309044,6.669412084979938,2.568301743545486e-11,3.4377193022695625e-09,24.385191142628894,19.48845757896479
Klf9,4.707530975469422,1.983952915673592,0.5158190295693215,3.8462189293986997,0.00011995459029829519,0.004057060660761346,9.028397300979815,5.507296542747019
Sgms1,111.28627242830413,0.5006126006127071,0.14136758511215095,3.541212083488282,0.00039829328791819864,0.011101345689999528,7.828321919743428,4.500688944678725
Pi4k2a,52.741598065556495,1.0359056037568004,0.32976482790738687,3.1413465478729905,0.0016817291092309106,0.034043609562739975,6.387932783177687,3.380112942040285
Scd1,6.335865596906381,-1.9828730935036383,0.6215287738682498,-3.1903158419564384,0.001421173836893198,0.030123756636513524,6.556272103152911,3.5024411614998208
Pdcd4,75.71288315135794,0.5691598288121262,0.13293356262340913,4.281535961121523,1.8560772078567114e-05,0.0008413028991899904,10.894460232410708,7.0805587973300135
Zdhhc6,31.212599596258478,-0.5687496263724435,0.18125117921991035,-3.137908557727975,0.0017015795208573453,0.03428949532710263,6.3761983293779005,3.3729162304020655
Atp6ap2,105.79662208206625,0.7090001636736086,0.10632199475725415,6.668424207919922,2.5856451914710117e-11,3.4377193022695625e-09,24.37846095560561,19.48845757896479
Ddx3x,132.2954033114509,0.8683292221494814,0.1093145357266493,7.94340127209446,1.9671127445584675e-15,3.7300972321816055e-13,33.8622095391197,28.617171907997616
Fmr1,38.523430623692555,0.6045232489029827,0.17441929203577253,3.4659196345034933,0.0005284212030676015,0.013986837656482716,7.54561685919535,4.269638558995539
F630028O10Rik,27.649383108764244,-1.4470817468302248,0.326398537678443,-4.433481096829674,9.27236407045103e-06,0.0004603151725446655,11.588472187118422,7.683599145388721
Rlim,83.34225256600146,0.8094434154457983,0.1370149974913559,5.907699377922954,3.4691834210791e-09,3.28918398619852e-07,19.47934659601843,14.927456145456286
P2ry10,41.48890276054477,0.5744546374737323,0.170630492527469,3.366658731183428,0.000760847809441735,0.01864560722841642,7.181077207695763,3.9821446979859165
Gm6377,38.941828458366174,1.2295836653754022,0.16404510309998768,7.495399997560149,6.60964822737398e-14,1.1080261021164467e-11,30.347660867718204,25.225855877020063
Gla,13.066861632518876,2.050952679428865,0.3598026270981342,5.70021596554235,1.196557427605861e-08,1.0646599819320765e-06,18.241232120410356,13.752855075570537
Mospd2,36.174296576230134,0.5993775878751418,0.18645316350265387,3.214628149050475,0.0013061359973731486,0.02818670724181942,6.640682120798074,3.5689047865734747
AC149090.1,67.4462147045691,-0.5857419586557305,0.1826703796630749,-3.2065513836238706,0.00134336311171113,0.028936091458403423,6.612579024410455,3.5426656236239187
